member_fname,member_lname,member_city,member_country
Marge,Lorent,Bengtsfors,Sweden
Roi,Cosford,Bilovods'k,Ukraine
Hattie,Pittem,Kuanping,China
Andrei,Stewartson,Bulasa,Philippines
Dougy,Fraczek,Targanice,Poland
Brigid,Sellner,Göteborg,Sweden
Pinchas,John,Duishan,China
Haven,Cowlin,Samran,Thailand
Quillan,Novic,Caridad,Philippines
Sari,Seaton,San Francisco,Costa Rica
Valencia,Littleover,Dębica,Poland
Halsy,Markus,Wagar,Sudan
Thacher,Woodward,Vyksa,Russia
Demeter,Straniero,Žamberk,Czech Republic
Joe,Crust,Perpignan,France
Parrnell,Sansun,Barão de São Miguel,Portugal
Melodie,Greenhowe,Arcueil,France
Eugen,Mapp,Saronída,Greece
Ty,Wheelband,Puerto Berrío,Colombia
Christal,Stenhouse,Kallífytos,Greece
Merrel,Arnaudet,Nieborów,Poland
Mersey,Kilshaw,Rowokangkung,Indonesia
Kevina,Zieme,Bulod,Philippines
Dedra,Trusler,Al Qārah,Saudi Arabia
Berte,Alfwy,Polovinnoye,Russia
Rosmunda,Shea,Omaha,United States
Shantee,Kendall,Haczów,Poland
Lind,Hardaker,‘Alāqahdārī Gēlān,Afghanistan
Hebert,Ambrosi,Issy-les-Moulineaux,France
Nancie,Gepheart,Aytos,Bulgaria
Tarrah,Dawber,Neklyudovo,Russia
Mildrid,Hackin,Xiayang,China
Marwin,Lanphier,Sadov,Czech Republic
Kizzee,Bygrove,Amapala,Honduras
Clara,Rafe,Tawa,China
Rochella,Margiotta,Enriquillo,Dominican Republic
Hamish,Sheridan,Lingkou,China
Geordie,Dandie,Andekantor,Indonesia
Leticia,McCauley,Oslo,Norway
Valerie,Filchagin,Shah Alam,Malaysia
Linzy,Joney,Shabo,Ukraine
Conni,Ratnege,Ţayyibat al Imām,Syria
Jedd,Blueman,Vilyuchinsk,Russia
Breena,Skitral,Hongos,Peru
Helyn,Loude,Kalix,Sweden
Read,Bett,Urung,Indonesia
Sibelle,Foggarty,Gaoling,China
Conni,Sayers,Sijihong,China
Charley,Impy,Mengdadazhuang,China
Jany,Matteuzzi,Güiria,Venezuela
Rolph,Bourdel,Hutou,China
Kermy,Cullingford,Mardīān,Afghanistan
Crawford,Fist,Rudnya,Russia
Mathian,Camelli,Saint-Malo,France
Neda,Clohessy,Basseterre,Saint Kitts and Nevis
Merla,Eatherton,Katagum,Nigeria
Josy,McDonogh,Saurama,Peru
Sascha,Canwell,El Progreso,Honduras
Aurie,Ladon,Tancheng,China
Stoddard,Kupec,Choropampa,Peru
Bent,Lochhead,San Agustin,Philippines
Cele,Truran,Dahe,China
Myca,Burke,Kultuk,Russia
Dion,Cecchi,Tsurugi-asahimachi,Japan
Robinette,Bathow,Kota Kinabalu,Malaysia
Sybyl,Futter,Tianhe,China
Link,Handley,Núi Đối,Vietnam
Cyndi,Shaefer,Santa María de Ipire,Venezuela
Barb,Bursnell,Lübeck,Germany
Cal,Enocksson,Tahoua,Niger
Brigham,Flye,Lalagsan,Philippines
Ruperta,Wayland,Igarapé Miri,Brazil
Joana,Wintle,Bergen,Norway
Chrystel,Playfair,Muriaé,Brazil
Ugo,Copnell,Telaga,Indonesia
Prissie,Chadd,Dachun,China
Raymond,McKea,Rochester,United States
Lucille,Brightie,Karlivka,Ukraine
Kiah,d' Elboux,Campo Alegre,Brazil
Corney,Lysaght,Montréal-Ouest,Canada
Ortensia,Swindon,Huangcun,China
Marijn,Vanyutin,Qinggang,China
Claudius,Tocher,Misawa,Japan
Maurits,Whorlow,Stratford,Canada
Ally,Couttes,Keti Bandar,Pakistan
Chip,Pauly,Dongping,China
Walther,Giorgio,Złotniki Kujawskie,Poland
Orbadiah,Bickerton,Manzë,Albania
Francoise,Scorer,Olds,Canada
Melania,Prescott,Kaberamaido,Uganda
Phyllys,Bradwell,Mueang Suang,Thailand
Ernest,Wehden,Gotemba,Japan
Patrizio,Ickovicz,Jāsk,Iran
Jordan,Loveard,La Falda,Argentina
Rudolph,Trulock,Puma,Tanzania
Delmar,Wellbank,Cerro,Cuba
Dalia,Stubbert,Balzar,Ecuador
Jerrie,Newstead,Baklashi,Russia
Cheri,Ladd,Aoluguya Ewenke Minzu,China
Dewitt,Vedyashkin,Pasirtujuhpuluh,Indonesia
